-- MySQL dump 10.13  Distrib 5.1.53, for suse-linux-gnu (x86_64)
--
-- Host: localhost    Database: exchangesystem
-- ------------------------------------------------------
-- Server version	5.5.29-log

/*!40101 SET @OLD_CHARACTER_SET_CLIENT=@@CHARACTER_SET_CLIENT */;
/*!40101 SET @OLD_CHARACTER_SET_RESULTS=@@CHARACTER_SET_RESULTS */;
/*!40101 SET @OLD_COLLATION_CONNECTION=@@COLLATION_CONNECTION */;
/*!40101 SET NAMES utf8 */;
/*!40103 SET @OLD_TIME_ZONE=@@TIME_ZONE */;
/*!40103 SET TIME_ZONE='+00:00' */;
/*!40014 SET @OLD_UNIQUE_CHECKS=@@UNIQUE_CHECKS, UNIQUE_CHECKS=0 */;
/*!40014 SET @OLD_FOREIGN_KEY_CHECKS=@@FOREIGN_KEY_CHECKS, FOREIGN_KEY_CHECKS=0 */;
/*!40101 SET @OLD_SQL_MODE=@@SQL_MODE, SQL_MODE='NO_AUTO_VALUE_ON_ZERO' */;
/*!40111 SET @OLD_SQL_NOTES=@@SQL_NOTES, SQL_NOTES=0 */;

--
-- Table structure for table `DomainObject`
--

DROP TABLE IF EXISTS `DomainObject`;
/*!40101 SET @saved_cs_client     = @@character_set_client */;
/*!40101 SET character_set_client = utf8 */;
CREATE TABLE `DomainObject` (
  `id` bigint(20) NOT NULL,
  `created` datetime DEFAULT NULL,
  `isactive` varchar(1) DEFAULT NULL,
  `updated` datetime DEFAULT NULL,
  `createdby` bigint(20) DEFAULT NULL,
  `updatedby` bigint(20) DEFAULT NULL,
  PRIMARY KEY (`id`),
  KEY `FKAE3B1543B9E7A77` (`updatedby`),
  KEY `FKAE3B1543A3774164` (`createdby`),
  CONSTRAINT `FKAE3B1543A3774164` FOREIGN KEY (`createdby`) REFERENCES `users` (`id`),
  CONSTRAINT `FKAE3B1543B9E7A77` FOREIGN KEY (`updatedby`) REFERENCES `users` (`id`)
) ENGINE=InnoDB DEFAULT CHARSET=utf8;
/*!40101 SET character_set_client = @saved_cs_client */;

--
-- Dumping data for table `DomainObject`
--

LOCK TABLES `DomainObject` WRITE;
/*!40000 ALTER TABLE `DomainObject` DISABLE KEYS */;
/*!40000 ALTER TABLE `DomainObject` ENABLE KEYS */;
UNLOCK TABLES;

--
-- Table structure for table `Person`
--

DROP TABLE IF EXISTS `Person`;
/*!40101 SET @saved_cs_client     = @@character_set_client */;
/*!40101 SET character_set_client = utf8 */;
CREATE TABLE `Person` (
  `id` bigint(20) NOT NULL AUTO_INCREMENT,
  `age` int(11) NOT NULL,
  `name` varchar(255) DEFAULT NULL,
  PRIMARY KEY (`id`)
) ENGINE=InnoDB DEFAULT CHARSET=utf8;
/*!40101 SET character_set_client = @saved_cs_client */;

--
-- Dumping data for table `Person`
--

LOCK TABLES `Person` WRITE;
/*!40000 ALTER TABLE `Person` DISABLE KEYS */;
/*!40000 ALTER TABLE `Person` ENABLE KEYS */;
UNLOCK TABLES;

--
-- Table structure for table `account`
--

DROP TABLE IF EXISTS `account`;
/*!40101 SET @saved_cs_client     = @@character_set_client */;
/*!40101 SET character_set_client = utf8 */;
CREATE TABLE `account` (
  `id` bigint(20) NOT NULL,
  `created` datetime DEFAULT NULL,
  `isactive` varchar(1) DEFAULT NULL,
  `updated` datetime DEFAULT NULL,
  `createdby` bigint(20) DEFAULT NULL,
  `updatedby` bigint(20) DEFAULT NULL,
  `accountNo` varchar(255) DEFAULT NULL,
  `dailyLimit` double DEFAULT NULL,
  `monthlyLimit` double DEFAULT NULL,
  PRIMARY KEY (`id`),
  KEY `FKAE3B1543B9E7A77b9d38a2d` (`updatedby`),
  KEY `FKAE3B1543A3774164b9d38a2d` (`createdby`),
  CONSTRAINT `FKAE3B1543A3774164b9d38a2d` FOREIGN KEY (`createdby`) REFERENCES `users` (`id`),
  CONSTRAINT `FKAE3B1543B9E7A77b9d38a2d` FOREIGN KEY (`updatedby`) REFERENCES `users` (`id`)
) ENGINE=InnoDB DEFAULT CHARSET=utf8;
/*!40101 SET character_set_client = @saved_cs_client */;

--
-- Dumping data for table `account`
--

LOCK TABLES `account` WRITE;
/*!40000 ALTER TABLE `account` DISABLE KEYS */;
/*!40000 ALTER TABLE `account` ENABLE KEYS */;
UNLOCK TABLES;

--
-- Table structure for table `bank`
--

DROP TABLE IF EXISTS `bank`;
/*!40101 SET @saved_cs_client     = @@character_set_client */;
/*!40101 SET character_set_client = utf8 */;
CREATE TABLE `bank` (
  `id` bigint(20) NOT NULL,
  `created` datetime DEFAULT NULL,
  `isactive` varchar(1) DEFAULT NULL,
  `updated` datetime DEFAULT NULL,
  `createdby` bigint(20) DEFAULT NULL,
  `updatedby` bigint(20) DEFAULT NULL,
  `accountname` varchar(255) DEFAULT NULL,
  `acountNo` varchar(255) DEFAULT NULL,
  `bankName` varchar(255) DEFAULT NULL,
  `bankTransitNo` varchar(255) DEFAULT NULL,
  `branchAddress` varchar(255) DEFAULT NULL,
  `branchPhoneNo` varchar(255) DEFAULT NULL,
  `country` tinyblob,
  `iban` varchar(255) DEFAULT NULL,
  `institutionId` varchar(255) DEFAULT NULL,
  `swiftCode` varchar(255) DEFAULT NULL,
  `symbol` tinyblob,
  `cuntry` bigint(20) DEFAULT NULL,
  PRIMARY KEY (`id`),
  KEY `FKAE3B1543B9E7A772e063c` (`updatedby`),
  KEY `FKAE3B1543A37741642e063c` (`createdby`),
  KEY `FK2E063CB581CF9E` (`cuntry`),
  CONSTRAINT `FK2E063CB581CF9E` FOREIGN KEY (`cuntry`) REFERENCES `country` (`id`),
  CONSTRAINT `FKAE3B1543A37741642e063c` FOREIGN KEY (`createdby`) REFERENCES `users` (`id`),
  CONSTRAINT `FKAE3B1543B9E7A772e063c` FOREIGN KEY (`updatedby`) REFERENCES `users` (`id`)
) ENGINE=InnoDB DEFAULT CHARSET=utf8;
/*!40101 SET character_set_client = @saved_cs_client */;

--
-- Dumping data for table `bank`
--

LOCK TABLES `bank` WRITE;
/*!40000 ALTER TABLE `bank` DISABLE KEYS */;
INSERT INTO `bank` VALUES (1245185,'2013-04-30 04:23:04','Y',NULL,458752,NULL,'Japheth A/C','00010000','Chase Bank','09900','Box 2111, Chicago','+1990',NULL,'777','099','0900','655360',1212417);
/*!40000 ALTER TABLE `bank` ENABLE KEYS */;
UNLOCK TABLES;

--
-- Table structure for table `btcrate`
--

DROP TABLE IF EXISTS `btcrate`;
/*!40101 SET @saved_cs_client     = @@character_set_client */;
/*!40101 SET character_set_client = utf8 */;
CREATE TABLE `btcrate` (
  `id` bigint(20) NOT NULL,
  `created` datetime DEFAULT NULL,
  `isactive` varchar(1) DEFAULT NULL,
  `updated` datetime DEFAULT NULL,
  `createdby` bigint(20) DEFAULT NULL,
  `updatedby` bigint(20) DEFAULT NULL,
  `current` varchar(255) DEFAULT NULL,
  `rate` double DEFAULT NULL,
  `symbol` bigint(20) DEFAULT NULL,
  PRIMARY KEY (`id`),
  KEY `FKBBD3AB14A39D407` (`symbol`),
  KEY `FKAE3B1543B9E7A77bbd3ab1` (`updatedby`),
  KEY `FKAE3B1543A3774164bbd3ab1` (`createdby`),
  CONSTRAINT `FKAE3B1543A3774164bbd3ab1` FOREIGN KEY (`createdby`) REFERENCES `users` (`id`),
  CONSTRAINT `FKAE3B1543B9E7A77bbd3ab1` FOREIGN KEY (`updatedby`) REFERENCES `users` (`id`),
  CONSTRAINT `FKBBD3AB14A39D407` FOREIGN KEY (`symbol`) REFERENCES `symbol` (`id`)
) ENGINE=InnoDB DEFAULT CHARSET=utf8;
/*!40101 SET character_set_client = @saved_cs_client */;

--
-- Dumping data for table `btcrate`
--

LOCK TABLES `btcrate` WRITE;
/*!40000 ALTER TABLE `btcrate` DISABLE KEYS */;
INSERT INTO `btcrate` VALUES (1671169,'2013-04-30 16:22:07','Y','2013-04-30 16:54:57',458752,458752,'ODL',140,655360),(1703937,'2013-04-30 16:54:42','Y',NULL,458752,NULL,'CURRENT',120,655361),(1703938,'2013-04-30 16:54:57','Y',NULL,458752,NULL,'CURRENT',150,655360);
/*!40000 ALTER TABLE `btcrate` ENABLE KEYS */;
UNLOCK TABLES;

--
-- Table structure for table `country`
--

DROP TABLE IF EXISTS `country`;
/*!40101 SET @saved_cs_client     = @@character_set_client */;
/*!40101 SET character_set_client = utf8 */;
CREATE TABLE `country` (
  `id` bigint(20) NOT NULL,
  `created` datetime DEFAULT NULL,
  `isactive` varchar(1) DEFAULT NULL,
  `updated` datetime DEFAULT NULL,
  `createdby` bigint(20) DEFAULT NULL,
  `updatedby` bigint(20) DEFAULT NULL,
  `code` varchar(255) DEFAULT NULL,
  `name` varchar(255) DEFAULT NULL,
  PRIMARY KEY (`id`),
  KEY `FKAE3B1543B9E7A7739175796` (`updatedby`),
  KEY `FKAE3B1543A377416439175796` (`createdby`),
  CONSTRAINT `FKAE3B1543A377416439175796` FOREIGN KEY (`createdby`) REFERENCES `users` (`id`),
  CONSTRAINT `FKAE3B1543B9E7A7739175796` FOREIGN KEY (`updatedby`) REFERENCES `users` (`id`)
) ENGINE=InnoDB DEFAULT CHARSET=utf8;
/*!40101 SET character_set_client = @saved_cs_client */;

--
-- Dumping data for table `country`
--

LOCK TABLES `country` WRITE;
/*!40000 ALTER TABLE `country` DISABLE KEYS */;
INSERT INTO `country` VALUES (1212417,'2013-04-30 03:04:27','Y',NULL,458752,NULL,'USA','United States'),(1212418,'2013-04-30 03:04:49','Y',NULL,458752,NULL,'CANADA','CANADA'),(1212419,'2013-04-30 03:05:18','Y',NULL,458752,NULL,'Hong Kong','Hong Kong');
/*!40000 ALTER TABLE `country` ENABLE KEYS */;
UNLOCK TABLES;

--
-- Table structure for table `deposit`
--

DROP TABLE IF EXISTS `deposit`;
/*!40101 SET @saved_cs_client     = @@character_set_client */;
/*!40101 SET character_set_client = utf8 */;
CREATE TABLE `deposit` (
  `id` bigint(20) NOT NULL,
  `created` datetime DEFAULT NULL,
  `isactive` varchar(1) DEFAULT NULL,
  `updated` datetime DEFAULT NULL,
  `createdby` bigint(20) DEFAULT NULL,
  `updatedby` bigint(20) DEFAULT NULL,
  `amount` double DEFAULT NULL,
  `account_id` bigint(20) DEFAULT NULL,
  `symbol_id` bigint(20) DEFAULT NULL,
  `transfermethod_id` bigint(20) DEFAULT NULL,
  PRIMARY KEY (`id`),
  KEY `FK5CA7169ED24EA431` (`transfermethod_id`),
  KEY `FKAE3B1543B9E7A775ca7169e` (`updatedby`),
  KEY `FK5CA7169E66DD5391` (`symbol_id`),
  KEY `FK5CA7169E56C7D8A3` (`account_id`),
  KEY `FKAE3B1543A37741645ca7169e` (`createdby`),
  CONSTRAINT `FK5CA7169E56C7D8A3` FOREIGN KEY (`account_id`) REFERENCES `account` (`id`),
  CONSTRAINT `FK5CA7169E66DD5391` FOREIGN KEY (`symbol_id`) REFERENCES `symbol` (`id`),
  CONSTRAINT `FK5CA7169ED24EA431` FOREIGN KEY (`transfermethod_id`) REFERENCES `transfermethod` (`id`),
  CONSTRAINT `FKAE3B1543A37741645ca7169e` FOREIGN KEY (`createdby`) REFERENCES `users` (`id`),
  CONSTRAINT `FKAE3B1543B9E7A775ca7169e` FOREIGN KEY (`updatedby`) REFERENCES `users` (`id`)
) ENGINE=InnoDB DEFAULT CHARSET=utf8;
/*!40101 SET character_set_client = @saved_cs_client */;

--
-- Dumping data for table `deposit`
--

LOCK TABLES `deposit` WRITE;
/*!40000 ALTER TABLE `deposit` DISABLE KEYS */;
INSERT INTO `deposit` VALUES (1409025,'2013-04-30 05:38:41','Y',NULL,458752,NULL,500,NULL,655360,1343489),(4587521,'2013-05-26 16:32:38','Y',NULL,458752,NULL,600,NULL,655360,1343489),(4751361,'2013-05-26 19:22:36','Y',NULL,458752,NULL,800,NULL,3670018,1343489);
/*!40000 ALTER TABLE `deposit` ENABLE KEYS */;
UNLOCK TABLES;

--
-- Table structure for table `hibernate_sequences`
--

DROP TABLE IF EXISTS `hibernate_sequences`;
/*!40101 SET @saved_cs_client     = @@character_set_client */;
/*!40101 SET character_set_client = utf8 */;
CREATE TABLE `hibernate_sequences` (
  `sequence_name` varchar(255) DEFAULT NULL,
  `sequence_next_hi_value` int(11) DEFAULT NULL
) ENGINE=InnoDB DEFAULT CHARSET=utf8;
/*!40101 SET character_set_client = @saved_cs_client */;

--
-- Dumping data for table `hibernate_sequences`
--

LOCK TABLES `hibernate_sequences` WRITE;
/*!40000 ALTER TABLE `hibernate_sequences` DISABLE KEYS */;
INSERT INTO `hibernate_sequences` VALUES ('DomainObject',171);
/*!40000 ALTER TABLE `hibernate_sequences` ENABLE KEYS */;
UNLOCK TABLES;

--
-- Table structure for table `ordertransaction`
--

DROP TABLE IF EXISTS `ordertransaction`;
/*!40101 SET @saved_cs_client     = @@character_set_client */;
/*!40101 SET character_set_client = utf8 */;
CREATE TABLE `ordertransaction` (
  `id` bigint(20) NOT NULL,
  `created` datetime DEFAULT NULL,
  `isactive` varchar(1) DEFAULT NULL,
  `updated` datetime DEFAULT NULL,
  `createdby` bigint(20) DEFAULT NULL,
  `updatedby` bigint(20) DEFAULT NULL,
  `fee` double DEFAULT NULL,
  `orderType` int(11) DEFAULT NULL,
  `price` double DEFAULT NULL,
  `quantity` bigint(20) DEFAULT NULL,
  `total` double DEFAULT NULL,
  `correspondingorder` bigint(20) DEFAULT NULL,
  `symbol` bigint(20) DEFAULT NULL,
  `tradeorder` bigint(20) DEFAULT NULL,
  `btcrate` bigint(20) DEFAULT NULL,
  `transactionType` int(11) DEFAULT NULL,
  PRIMARY KEY (`id`),
  KEY `FK13054ED04A39D407` (`symbol`),
  KEY `FKAE3B1543B9E7A7713054ed0` (`updatedby`),
  KEY `FK13054ED012B4339C` (`correspondingorder`),
  KEY `FK13054ED0F1BF5E0B` (`tradeorder`),
  KEY `FKAE3B1543A377416413054ed0` (`createdby`),
  KEY `FK13054ED0ABE4178B` (`btcrate`),
  CONSTRAINT `FK13054ED012B4339C` FOREIGN KEY (`correspondingorder`) REFERENCES `tradeorder` (`id`),
  CONSTRAINT `FK13054ED04A39D407` FOREIGN KEY (`symbol`) REFERENCES `symbol` (`id`),
  CONSTRAINT `FK13054ED0ABE4178B` FOREIGN KEY (`btcrate`) REFERENCES `btcrate` (`id`),
  CONSTRAINT `FK13054ED0F1BF5E0B` FOREIGN KEY (`tradeorder`) REFERENCES `tradeorder` (`id`),
  CONSTRAINT `FKAE3B1543A377416413054ed0` FOREIGN KEY (`createdby`) REFERENCES `users` (`id`),
  CONSTRAINT `FKAE3B1543B9E7A7713054ed0` FOREIGN KEY (`updatedby`) REFERENCES `users` (`id`)
) ENGINE=InnoDB DEFAULT CHARSET=utf8;
/*!40101 SET character_set_client = @saved_cs_client */;

--
-- Dumping data for table `ordertransaction`
--

LOCK TABLES `ordertransaction` WRITE;
/*!40000 ALTER TABLE `ordertransaction` DISABLE KEYS */;
INSERT INTO `ordertransaction` VALUES (1015810,'2013-04-30 02:14:13','Y',NULL,458752,NULL,0.319975,0,127.99,5,639.9499999999999,851969,655360,1015809,1703938,NULL),(1015811,'2013-04-30 02:14:13','Y',NULL,458752,NULL,0.319975,1,127.99,5,639.9499999999999,1015809,655360,851969,1703938,NULL),(1146883,'2013-04-30 02:41:00','Y',NULL,458752,NULL,1.25,0,100,25,2500,1146882,655360,1146881,1703938,NULL),(1146884,'2013-04-30 02:41:00','Y',NULL,458752,NULL,1.25,1,100,25,2500,1146881,655360,1146882,1703938,NULL),(1507330,'2013-04-30 13:46:14','Y',NULL,458752,NULL,6.3995,0,127.99,100,12799,1507329,655360,819200,1703938,NULL),(1507331,'2013-04-30 13:46:14','Y',NULL,458752,NULL,6.3995,1,127.99,100,12799,819200,655360,1507329,1703938,NULL),(1802243,'2013-04-30 20:43:23','Y',NULL,458752,NULL,1.9198499999999998,0,127.99,30,3839.7,1802241,655361,1802242,1703937,NULL),(1802244,'2013-04-30 20:43:23','Y',NULL,458752,NULL,1.9198499999999998,1,127.99,30,3839.7,1802242,655361,1802241,1703937,NULL),(2031618,'2013-05-01 03:20:11','Y','2013-05-02 00:22:17',458752,458752,19.5,0,78,60,4704,1966081,655360,1867777,1703938,NULL),(2031619,'2013-05-01 03:20:11','Y',NULL,458752,NULL,19.5,1,78,50,3900,1867777,655360,1966081,1703938,NULL),(2031620,'2013-05-01 03:20:12','Y',NULL,458752,NULL,20,0,80,50,4000,1933313,655360,1900545,1703938,NULL),(2031621,'2013-05-01 03:20:12','Y',NULL,458752,NULL,20,1,80,50,4000,1900545,655360,1933313,1703938,NULL),(2064388,'2013-05-01 03:30:35','Y',NULL,458752,NULL,22,0,88,50,4400,1998849,655360,2064387,1703938,NULL),(2064389,'2013-05-01 03:30:35','Y',NULL,458752,NULL,22,1,88,50,4400,2064387,655360,1998849,1703938,NULL),(2424834,'2013-05-02 00:49:54','Y','2013-05-02 00:49:54',458752,458752,4,0,80,50,4418,2359297,655360,2424833,1703938,NULL),(2424835,'2013-05-02 00:49:54','Y',NULL,458752,NULL,4,1,80,10,800,2424833,655360,2359297,1703938,NULL),(2424836,'2013-05-02 00:49:55','Y','2013-05-02 01:44:31',458752,458752,18,1,90,50,4504.5,2424833,655360,1900546,1703938,NULL),(2523138,'2013-05-02 01:44:31','Y','2013-05-02 01:46:26',458752,458752,NULL,0,90,100,9768.6,1900546,655360,2490370,1703938,NULL),(2523139,'2013-05-02 01:44:32','Y',NULL,458752,NULL,NULL,1,98,50,4924.5,2490370,655360,2031617,1703938,NULL),(2523141,'2013-05-02 01:46:26','Y','2013-05-17 02:04:18',458752,458752,29.400000000000002,1,98,100,9849,2490370,655360,2523140,1703938,NULL),(2555906,'2013-05-02 02:10:53','Y',NULL,458752,NULL,37.5,0,75,100,7537.5,2555905,655360,2490369,1703938,NULL),(2555907,'2013-05-02 02:10:53','Y','2013-05-02 02:13:24',458752,458752,75,1,75,200,15075,2490369,655360,2555905,1703938,NULL),(2555908,'2013-05-02 02:10:53','Y',NULL,458752,NULL,18.75,0,75,50,3768.75,2555905,655360,2064386,1703938,NULL),(2555910,'2013-05-02 02:13:24','Y',NULL,458752,NULL,18.75,0,75,50,3768.75,2555905,655360,2555909,1703938,NULL),(3964932,'2013-05-17 01:49:52','Y','2013-05-17 02:04:18',458752,458752,49,0,98,100,9849,2523140,655360,3964931,1703938,NULL),(3997698,'2013-05-17 02:04:18','Y','2013-05-17 02:05:16',458752,458752,51.5995,0,98,100,10371.4995,2523140,655360,3997697,1703938,NULL),(3997699,'2013-05-17 02:04:19','Y',NULL,458752,NULL,24,1,120,40,4824,3997697,655360,1835009,1703938,NULL),(3997700,'2013-05-17 02:04:19','Y',NULL,458752,NULL,6.3995,1,127.99,10,1286.2994999999999,3997697,655360,819201,1703938,NULL),(3997702,'2013-05-17 02:05:16','Y','2013-05-17 02:06:58',458752,458752,19,1,76,50,3819,3997697,655360,3997701,1703938,NULL),(3997705,'2013-05-17 02:06:57','Y','2013-05-17 02:06:58',458752,458752,25.6,0,72,70,5145.6,3997703,655360,3997704,1703938,NULL),(3997706,'2013-05-17 02:06:57','Y',NULL,458752,NULL,18,1,72,50,3618,3997704,655360,3997703,1703938,NULL);
/*!40000 ALTER TABLE `ordertransaction` ENABLE KEYS */;
UNLOCK TABLES;

--
-- Table structure for table `signinlog`
--

DROP TABLE IF EXISTS `signinlog`;
/*!40101 SET @saved_cs_client     = @@character_set_client */;
/*!40101 SET character_set_client = utf8 */;
CREATE TABLE `signinlog` (
  `id` bigint(20) NOT NULL,
  `created` datetime DEFAULT NULL,
  `isactive` varchar(1) DEFAULT NULL,
  `updated` datetime DEFAULT NULL,
  `createdby` bigint(20) DEFAULT NULL,
  `updatedby` bigint(20) DEFAULT NULL,
  `names` varchar(255) DEFAULT NULL,
  PRIMARY KEY (`id`),
  KEY `FKAE3B1543B9E7A77406b7862` (`updatedby`),
  KEY `FKAE3B1543A3774164406b7862` (`createdby`),
  CONSTRAINT `FKAE3B1543A3774164406b7862` FOREIGN KEY (`createdby`) REFERENCES `users` (`id`),
  CONSTRAINT `FKAE3B1543B9E7A77406b7862` FOREIGN KEY (`updatedby`) REFERENCES `users` (`id`)
) ENGINE=InnoDB DEFAULT CHARSET=utf8;
/*!40101 SET character_set_client = @saved_cs_client */;

--
-- Dumping data for table `signinlog`
--

LOCK TABLES `signinlog` WRITE;
/*!40000 ALTER TABLE `signinlog` DISABLE KEYS */;
INSERT INTO `signinlog` VALUES (950272,'2013-04-29 18:23:40','Y',NULL,458752,NULL,'Japheth Odonya'),(950273,'2013-04-29 19:28:34','Y',NULL,458752,NULL,'Japheth Odonya'),(983040,'2013-04-30 02:06:05','Y',NULL,458752,NULL,'Japheth Odonya'),(1015808,'2013-04-30 02:12:38','Y',NULL,458752,NULL,'Japheth Odonya'),(1048576,'2013-04-30 02:25:33','Y',NULL,458752,NULL,'Japheth Odonya'),(1081344,'2013-04-30 02:29:21','Y',NULL,458752,NULL,'Japheth Odonya'),(1114112,'2013-04-30 02:37:01','Y',NULL,458752,NULL,'Japheth Odonya'),(1146880,'2013-04-30 02:39:31','Y',NULL,458752,NULL,'Japheth Odonya'),(1179648,'2013-04-30 02:50:43','Y',NULL,458752,NULL,'Japheth Odonya'),(1212416,'2013-04-30 03:03:58','Y',NULL,458752,NULL,'Japheth Odonya'),(1245184,'2013-04-30 04:08:09','Y',NULL,458752,NULL,'Japheth Odonya'),(1277952,'2013-04-30 05:13:17','Y',NULL,458752,NULL,'Japheth Odonya'),(1310720,'2013-04-30 05:16:25','Y',NULL,458752,NULL,'Japheth Odonya'),(1343488,'2013-04-30 05:19:10','Y',NULL,458752,NULL,'Japheth Odonya'),(1376256,'2013-04-30 05:24:52','Y',NULL,458752,NULL,'Japheth Odonya'),(1409024,'2013-04-30 05:38:24','Y',NULL,458752,NULL,'Japheth Odonya'),(1441792,'2013-04-30 05:52:20','Y',NULL,458752,NULL,'Japheth Odonya'),(1474560,'2013-04-30 13:42:17','Y',NULL,458752,NULL,'Japheth Odonya'),(1507328,'2013-04-30 13:44:10','Y',NULL,458752,NULL,'Japheth Odonya'),(1540096,'2013-04-30 15:02:10','Y',NULL,458752,NULL,'Japheth Odonya'),(1572864,'2013-04-30 16:07:38','Y',NULL,458752,NULL,'Japheth Odonya'),(1605632,'2013-04-30 16:12:38','Y',NULL,458752,NULL,'Japheth Odonya'),(1638400,'2013-04-30 16:14:39','Y',NULL,458752,NULL,'Japheth Odonya'),(1671168,'2013-04-30 16:21:52','Y',NULL,458752,NULL,'Japheth Odonya'),(1703936,'2013-04-30 16:54:28','Y',NULL,458752,NULL,'Japheth Odonya'),(1736704,'2013-04-30 18:07:26','Y',NULL,458752,NULL,'Japheth Odonya'),(1769472,'2013-04-30 20:04:23','Y',NULL,458752,NULL,'Japheth Odonya'),(1802240,'2013-04-30 20:08:25','Y',NULL,458752,NULL,'Japheth Odonya'),(1835008,'2013-04-30 21:20:40','Y',NULL,458752,NULL,'Japheth Odonya'),(1867776,'2013-05-01 02:31:43','Y',NULL,458752,NULL,'Japheth Odonya'),(1900544,'2013-05-01 02:39:39','Y',NULL,458752,NULL,'Japheth Odonya'),(1933312,'2013-05-01 02:50:03','Y',NULL,458752,NULL,'Japheth Odonya'),(1966080,'2013-05-01 02:56:39','Y',NULL,458752,NULL,'Japheth Odonya'),(1998848,'2013-05-01 03:05:04','Y',NULL,458752,NULL,'Japheth Odonya'),(2031616,'2013-05-01 03:18:40','Y',NULL,458752,NULL,'Japheth Odonya'),(2064384,'2013-05-01 03:24:47','Y',NULL,458752,NULL,'Japheth Odonya'),(2097152,'2013-05-01 03:36:04','Y',NULL,458752,NULL,'Japheth Odonya'),(2129920,'2013-05-01 03:40:49','Y',NULL,458752,NULL,'Japheth Odonya'),(2195456,'2013-05-01 18:48:07','Y',NULL,458752,NULL,'Japheth Odonya'),(2228224,'2013-05-01 18:54:45','Y',NULL,458752,NULL,'Japheth Odonya'),(2260992,'2013-05-01 19:14:12','Y',NULL,458752,NULL,'Japheth Odonya'),(2293760,'2013-05-01 19:17:31','Y',NULL,458752,NULL,'Japheth Odonya'),(2326528,'2013-05-01 19:21:39','Y',NULL,458752,NULL,'Japheth Odonya'),(2359296,'2013-05-02 00:16:00','Y',NULL,458752,NULL,'Japheth Odonya'),(2392064,'2013-05-02 00:35:17','Y',NULL,458752,NULL,'Japheth Odonya'),(2424832,'2013-05-02 00:48:31','Y',NULL,458752,NULL,'Japheth Odonya'),(2457600,'2013-05-02 01:09:28','Y',NULL,458752,NULL,'Japheth Odonya'),(2490368,'2013-05-02 01:23:59','Y',NULL,458752,NULL,'Japheth Odonya'),(2523136,'2013-05-02 01:43:20','Y',NULL,458752,NULL,'Japheth Odonya'),(2555904,'2013-05-02 02:04:51','Y',NULL,458752,NULL,'Japheth Odonya'),(2588672,'2013-05-05 16:03:55','Y',NULL,458752,NULL,'Japheth Odonya'),(2621440,'2013-05-05 16:11:38','Y',NULL,458752,NULL,'Japheth Odonya'),(2654208,'2013-05-05 16:29:09','Y',NULL,458752,NULL,'Japheth Odonya'),(2686976,'2013-05-05 16:34:15','Y',NULL,458752,NULL,'Japheth Odonya'),(2719744,'2013-05-05 16:38:37','Y',NULL,458752,NULL,'Japheth Odonya'),(2752512,'2013-05-05 16:42:04','Y',NULL,458752,NULL,'Japheth Odonya'),(2785280,'2013-05-05 16:51:37','Y',NULL,458752,NULL,'Japheth Odonya'),(2818048,'2013-05-05 17:01:07','Y',NULL,458752,NULL,'Japheth Odonya'),(2850816,'2013-05-05 17:04:08','Y',NULL,458752,NULL,'Japheth Odonya'),(2883584,'2013-05-05 17:06:36','Y',NULL,458752,NULL,'Japheth Odonya'),(2916352,'2013-05-05 17:12:23','Y',NULL,458752,NULL,'Japheth Odonya'),(2949120,'2013-05-05 17:22:40','Y',NULL,458752,NULL,'Japheth Odonya'),(2981888,'2013-05-05 17:28:05','Y',NULL,458752,NULL,'Japheth Odonya'),(3014656,'2013-05-05 17:35:47','Y',NULL,458752,NULL,'Japheth Odonya'),(3047424,'2013-05-05 17:50:35','Y',NULL,458752,NULL,'Japheth Odonya'),(3080192,'2013-05-05 18:00:28','Y',NULL,458752,NULL,'Japheth Odonya'),(3112960,'2013-05-05 18:13:31','Y',NULL,458752,NULL,'Japheth Odonya'),(3178496,'2013-05-05 18:40:03','Y',NULL,3145728,NULL,'Eddie Odonya'),(3211264,'2013-05-05 18:52:48','Y',NULL,3145728,NULL,'Eddie Odonya'),(3211265,'2013-05-05 18:53:20','Y',NULL,458752,NULL,'Japheth Odonya'),(3244032,'2013-05-05 19:05:17','Y',NULL,3145728,NULL,'Eddie Odonya'),(3244033,'2013-05-05 19:05:54','Y',NULL,458752,NULL,'Japheth Odonya'),(3309568,'2013-05-05 19:07:53','Y',NULL,458752,NULL,'Japheth Odonya'),(3309569,'2013-05-05 19:15:25','Y',NULL,458752,NULL,'Japheth Odonya'),(3342336,'2013-05-11 15:55:39','Y',NULL,458752,NULL,'Japheth Odonya'),(3342337,'2013-05-11 17:16:01','Y',NULL,458752,NULL,'Japheth Odonya'),(3375104,'2013-05-11 17:22:56','Y',NULL,458752,NULL,'Japheth Odonya'),(3375105,'2013-05-11 21:58:37','Y',NULL,458752,NULL,'Japheth Odonya'),(3407872,'2013-05-11 22:17:19','Y',NULL,458752,NULL,'Japheth Odonya'),(3407873,'2013-05-11 22:20:17','Y',NULL,458752,NULL,'Japheth Odonya'),(3407874,'2013-05-11 22:23:37','Y',NULL,458752,NULL,'Japheth Odonya'),(3407875,'2013-05-11 22:24:22','Y',NULL,458752,NULL,'Japheth Odonya'),(3407876,'2013-05-11 22:24:43','Y',NULL,458752,NULL,'Japheth Odonya'),(3407877,'2013-05-11 22:26:19','Y',NULL,458752,NULL,'Japheth Odonya'),(3407878,'2013-05-11 22:28:22','Y',NULL,458752,NULL,'Japheth Odonya'),(3407879,'2013-05-11 22:32:34','Y',NULL,458752,NULL,'Japheth Odonya'),(3407880,'2013-05-11 22:33:20','Y',NULL,458752,NULL,'Japheth Odonya'),(3407881,'2013-05-11 22:40:54','Y',NULL,458752,NULL,'Japheth Odonya'),(3440640,'2013-05-11 23:32:10','Y',NULL,458752,NULL,'Japheth Odonya'),(3440641,'2013-05-12 00:56:02','Y',NULL,458752,NULL,'Japheth Odonya'),(3473408,'2013-05-13 13:59:47','Y',NULL,458752,NULL,'Japheth Odonya'),(3506176,'2013-05-13 14:16:22','Y',NULL,458752,NULL,'Japheth Odonya'),(3538944,'2013-05-16 00:56:01','Y',NULL,458752,NULL,'Japheth Odonya'),(3538945,'2013-05-16 01:03:14','Y',NULL,458752,NULL,'Japheth Odonya'),(3538946,'2013-05-16 01:08:53','Y',NULL,458752,NULL,'Japheth Odonya'),(3538947,'2013-05-16 01:11:48','Y',NULL,458752,NULL,'Japheth Odonya'),(3571712,'2013-05-16 01:13:08','Y',NULL,458752,NULL,'Japheth Odonya'),(3604480,'2013-05-16 01:21:21','Y',NULL,458752,NULL,'Japheth Odonya'),(3604481,'2013-05-16 01:23:33','Y',NULL,458752,NULL,'Japheth Odonya'),(3604482,'2013-05-16 01:23:35','Y',NULL,458752,NULL,'Japheth Odonya'),(3604483,'2013-05-16 01:24:04','Y',NULL,458752,NULL,'Japheth Odonya'),(3637248,'2013-05-16 01:39:50','Y',NULL,458752,NULL,'Japheth Odonya'),(3637249,'2013-05-16 01:41:40','Y',NULL,458752,NULL,'Japheth Odonya'),(3670016,'2013-05-16 15:03:26','Y',NULL,458752,NULL,'Japheth Odonya'),(3702784,'2013-05-16 21:06:00','Y',NULL,458752,NULL,'Japheth Odonya'),(3702785,'2013-05-16 21:07:25','Y',NULL,458752,NULL,'Japheth Odonya'),(3702786,'2013-05-16 23:27:51','Y',NULL,458752,NULL,'Japheth Odonya'),(3899392,'2013-05-17 01:17:00','Y',NULL,458752,NULL,'Japheth Odonya'),(3899393,'2013-05-17 01:32:48','Y',NULL,458752,NULL,'Japheth Odonya'),(3932160,'2013-05-17 01:37:00','Y',NULL,458752,NULL,'Japheth Odonya'),(3964928,'2013-05-17 01:47:49','Y',NULL,458752,NULL,'Japheth Odonya'),(3964929,'2013-05-17 01:48:55','Y',NULL,458752,NULL,'Japheth Odonya'),(3964930,'2013-05-17 01:49:31','Y',NULL,458752,NULL,'Japheth Odonya'),(3997696,'2013-05-17 02:03:56','Y',NULL,458752,NULL,'Japheth Odonya'),(4030464,'2013-05-17 02:18:10','Y',NULL,458752,NULL,'Japheth Odonya'),(4063232,'2013-05-17 02:49:50','Y',NULL,458752,NULL,'Japheth Odonya'),(4063233,'2013-05-17 03:14:18','Y',NULL,458752,NULL,'Japheth Odonya'),(4096000,'2013-05-17 03:28:42','Y',NULL,458752,NULL,'Japheth Odonya'),(4096001,'2013-05-17 03:33:26','Y',NULL,458752,NULL,'Japheth Odonya'),(4128768,'2013-05-21 20:46:57','Y',NULL,458752,NULL,'Japheth Odonya'),(4161536,'2013-05-21 20:51:07','Y',NULL,458752,NULL,'Japheth Odonya'),(4161537,'2013-05-21 20:52:25','Y',NULL,458752,NULL,'Japheth Odonya'),(4194304,'2013-05-21 21:04:08','Y',NULL,458752,NULL,'Japheth Odonya'),(4227072,'2013-05-21 21:05:52','Y',NULL,458752,NULL,'Japheth Odonya'),(4259840,'2013-05-21 21:08:28','Y',NULL,458752,NULL,'Japheth Odonya'),(4259841,'2013-05-21 21:08:41','Y',NULL,3145728,NULL,'Eddie Odonya'),(4259842,'2013-05-21 21:08:52','Y',NULL,458752,NULL,'Japheth Odonya'),(4292608,'2013-05-24 00:37:50','Y',NULL,458752,NULL,'Japheth Odonya'),(4325376,'2013-05-24 00:49:22','Y',NULL,458752,NULL,'Japheth Odonya'),(4358144,'2013-05-26 12:12:40','Y',NULL,458752,NULL,'Japheth Odonya'),(4390912,'2013-05-26 14:02:20','Y',NULL,458752,NULL,'Japheth Odonya'),(4390913,'2013-05-26 15:50:15','Y',NULL,458752,NULL,'Japheth Odonya'),(4423680,'2013-05-26 15:56:23','Y',NULL,458752,NULL,'Japheth Odonya'),(4456448,'2013-05-26 15:59:05','Y',NULL,458752,NULL,'Japheth Odonya'),(4489216,'2013-05-26 16:01:20','Y',NULL,458752,NULL,'Japheth Odonya'),(4489217,'2013-05-26 16:01:41','Y',NULL,458752,NULL,'Japheth Odonya'),(4521984,'2013-05-26 16:06:45','Y',NULL,458752,NULL,'Japheth Odonya'),(4521985,'2013-05-26 16:07:15','Y',NULL,458752,NULL,'Japheth Odonya'),(4554752,'2013-05-26 16:20:33','Y',NULL,458752,NULL,'Japheth Odonya'),(4587520,'2013-05-26 16:24:34','Y',NULL,458752,NULL,'Japheth Odonya'),(4620288,'2013-05-26 18:47:01','Y',NULL,458752,NULL,'Japheth Odonya'),(4653056,'2013-05-26 18:50:20','Y',NULL,458752,NULL,'Japheth Odonya'),(4685824,'2013-05-26 18:53:57','Y',NULL,458752,NULL,'Japheth Odonya'),(4718592,'2013-05-26 18:56:42','Y',NULL,458752,NULL,'Japheth Odonya'),(4751360,'2013-05-26 19:13:52','Y',NULL,458752,NULL,'Japheth Odonya'),(4784128,'2013-05-26 19:45:43','Y',NULL,458752,NULL,'Japheth Odonya'),(4784129,'2013-05-26 19:51:15','Y',NULL,458752,NULL,'Japheth Odonya'),(4784130,'2013-05-26 20:01:53','Y',NULL,458752,NULL,'Japheth Odonya'),(4816896,'2013-05-26 20:44:06','Y',NULL,458752,NULL,'Japheth Odonya'),(4849664,'2013-05-26 20:48:44','Y',NULL,458752,NULL,'Japheth Odonya'),(4882432,'2013-05-26 20:52:59','Y',NULL,458752,NULL,'Japheth Odonya'),(4882433,'2013-05-26 20:55:05','Y',NULL,458752,NULL,'Japheth Odonya'),(4915200,'2013-05-26 21:11:25','Y',NULL,458752,NULL,'Japheth Odonya'),(4947968,'2013-05-26 21:44:00','Y',NULL,458752,NULL,'Japheth Odonya'),(4980736,'2013-05-26 22:45:30','Y',NULL,458752,NULL,'Japheth Odonya'),(5013504,'2013-05-26 22:48:02','Y',NULL,458752,NULL,'Japheth Odonya'),(5046272,'2013-05-26 22:54:05','Y',NULL,458752,NULL,'Japheth Odonya'),(5079040,'2013-05-26 22:58:59','Y',NULL,458752,NULL,'Japheth Odonya'),(5111808,'2013-05-26 23:05:55','Y',NULL,458752,NULL,'Japheth Odonya'),(5144576,'2013-05-26 23:45:27','Y',NULL,458752,NULL,'Japheth Odonya'),(5177344,'2013-05-26 23:52:25','Y',NULL,458752,NULL,'Japheth Odonya'),(5210112,'2013-05-26 23:56:48','Y',NULL,458752,NULL,'Japheth Odonya'),(5242880,'2013-05-27 00:03:24','Y',NULL,458752,NULL,'Japheth Odonya'),(5275648,'2013-05-27 00:10:00','Y',NULL,458752,NULL,'Japheth Odonya'),(5308416,'2013-05-27 00:17:30','Y',NULL,458752,NULL,'Japheth Odonya'),(5341184,'2013-05-27 00:22:01','Y',NULL,458752,NULL,'Japheth Odonya'),(5373952,'2013-05-27 00:25:27','Y',NULL,458752,NULL,'Japheth Odonya'),(5406720,'2013-05-27 00:31:19','Y',NULL,458752,NULL,'Japheth Odonya'),(5439488,'2013-05-27 00:33:13','Y',NULL,458752,NULL,'Japheth Odonya'),(5472256,'2013-05-27 00:43:32','Y',NULL,458752,NULL,'Japheth Odonya'),(5472257,'2013-05-27 00:44:19','Y',NULL,458752,NULL,'Japheth Odonya'),(5505024,'2013-05-27 00:51:32','Y',NULL,458752,NULL,'Japheth Odonya'),(5505025,'2013-05-27 00:52:18','Y',NULL,458752,NULL,'Japheth Odonya'),(5537792,'2013-05-27 00:54:49','Y',NULL,458752,NULL,'Japheth Odonya'),(5537793,'2013-05-27 00:56:14','Y',NULL,458752,NULL,'Japheth Odonya'),(5570560,'2013-05-27 01:00:07','Y',NULL,458752,NULL,'Japheth Odonya'),(5570561,'2013-05-27 01:02:36','Y',NULL,458752,NULL,'Japheth Odonya');
/*!40000 ALTER TABLE `signinlog` ENABLE KEYS */;
UNLOCK TABLES;

--
-- Table structure for table `symbol`
--

DROP TABLE IF EXISTS `symbol`;
/*!40101 SET @saved_cs_client     = @@character_set_client */;
/*!40101 SET character_set_client = utf8 */;
CREATE TABLE `symbol` (
  `id` bigint(20) NOT NULL,
  `created` datetime DEFAULT NULL,
  `isactive` varchar(1) DEFAULT NULL,
  `updated` datetime DEFAULT NULL,
  `createdby` bigint(20) DEFAULT NULL,
  `updatedby` bigint(20) DEFAULT NULL,
  `code` varchar(255) DEFAULT NULL,
  `description` varchar(255) DEFAULT NULL,
  `price` double DEFAULT NULL,
  `rate` double DEFAULT NULL,
  PRIMARY KEY (`id`),
  KEY `FKAE3B1543B9E7A77cb197598` (`updatedby`),
  KEY `FKAE3B1543A3774164cb197598` (`createdby`),
  CONSTRAINT `FKAE3B1543A3774164cb197598` FOREIGN KEY (`createdby`) REFERENCES `users` (`id`),
  CONSTRAINT `FKAE3B1543B9E7A77cb197598` FOREIGN KEY (`updatedby`) REFERENCES `users` (`id`)
) ENGINE=InnoDB DEFAULT CHARSET=utf8;
/*!40101 SET character_set_client = @saved_cs_client */;

--
-- Dumping data for table `symbol`
--

LOCK TABLES `symbol` WRITE;
/*!40000 ALTER TABLE `symbol` DISABLE KEYS */;
INSERT INTO `symbol` VALUES (655360,'2013-04-23 18:58:59','Y',NULL,NULL,NULL,'USD','United States Dollar',135,NULL),(655361,'2013-04-23 18:59:33','Y',NULL,NULL,NULL,'CAD','Canadian Dollar',135,NULL),(688128,'2013-04-23 19:05:58','Y',NULL,NULL,NULL,'AUD','Australian Dollar',135,NULL),(720896,'2013-04-23 20:05:22','Y',NULL,458752,NULL,'KSH','Kenya Shillings',135,NULL),(3670017,'2013-05-16 15:06:44','Y',NULL,458752,NULL,'HKD','Hong Kong Dollar',125,NULL),(3670018,'2013-05-16 15:09:05','Y',NULL,458752,NULL,'RMB','Renminbi',110,NULL);
/*!40000 ALTER TABLE `symbol` ENABLE KEYS */;
UNLOCK TABLES;

--
-- Table structure for table `tradeorder`
--

DROP TABLE IF EXISTS `tradeorder`;
/*!40101 SET @saved_cs_client     = @@character_set_client */;
/*!40101 SET character_set_client = utf8 */;
CREATE TABLE `tradeorder` (
  `id` bigint(20) NOT NULL,
  `created` datetime DEFAULT NULL,
  `isactive` varchar(1) DEFAULT NULL,
  `updated` datetime DEFAULT NULL,
  `createdby` bigint(20) DEFAULT NULL,
  `updatedby` bigint(20) DEFAULT NULL,
  `feerate` double DEFAULT NULL,
  `price` double DEFAULT NULL,
  `quantity` bigint(20) DEFAULT NULL,
  `total` double DEFAULT NULL,
  `symbol_id` bigint(20) DEFAULT NULL,
  `fee` double DEFAULT NULL,
  `orderType` int(11) DEFAULT NULL,
  `orderStatus` int(11) DEFAULT NULL,
  `unfulfilledquantity` bigint(20) DEFAULT NULL,
  `partialquantity` bigint(20) DEFAULT NULL,
  PRIMARY KEY (`id`),
  KEY `FKAE3B1543B9E7A7770acd46a` (`updatedby`),
  KEY `FK70ACD46A66DD5391` (`symbol_id`),
  KEY `FKAE3B1543A377416470acd46a` (`createdby`),
  CONSTRAINT `FK70ACD46A66DD5391` FOREIGN KEY (`symbol_id`) REFERENCES `symbol` (`id`),
  CONSTRAINT `FKAE3B1543A377416470acd46a` FOREIGN KEY (`createdby`) REFERENCES `users` (`id`),
  CONSTRAINT `FKAE3B1543B9E7A7770acd46a` FOREIGN KEY (`updatedby`) REFERENCES `users` (`id`)
) ENGINE=InnoDB DEFAULT CHARSET=utf8;
/*!40101 SET character_set_client = @saved_cs_client */;

--
-- Dumping data for table `tradeorder`
--

LOCK TABLES `tradeorder` WRITE;
/*!40000 ALTER TABLE `tradeorder` DISABLE KEYS */;
INSERT INTO `tradeorder` VALUES (819200,'2013-04-24 01:53:36','Y','2013-04-30 13:46:14',458752,458752,NULL,127.99,100,12862.995,655360,63.995000000000005,0,1,100,NULL),(819201,'2013-04-24 01:54:07','Y','2013-05-17 02:04:19',458752,458752,NULL,127.99,10,1286.2994999999999,655360,6.3995,1,1,10,10),(851968,'2013-04-24 02:45:23','Y',NULL,458752,NULL,NULL,127.99,20,2572.5989999999997,655361,12.799,0,0,20,NULL),(851969,'2013-04-24 02:46:04','Y','2013-04-30 02:14:13',458752,458752,NULL,127.99,5,643.1497499999999,655360,3.19975,1,1,5,NULL),(1015809,'2013-04-30 02:14:12','Y','2013-04-30 02:14:13',458752,458752,NULL,127.99,5,643.1497499999999,655360,3.19975,0,1,5,NULL),(1146881,'2013-04-30 02:40:07','Y','2013-04-30 02:41:00',458752,458752,NULL,100,25,2512.5,655360,12.5,0,1,25,NULL),(1146882,'2013-04-30 02:41:00','Y','2013-04-30 02:41:00',458752,458752,NULL,100,25,2512.5,655360,12.5,1,1,25,NULL),(1507329,'2013-04-30 13:46:13','Y','2013-04-30 13:46:14',458752,458752,NULL,127.99,100,12862.995,655360,63.995000000000005,1,1,100,NULL),(1802241,'2013-04-30 20:42:38','Y','2013-04-30 20:43:24',458752,458752,NULL,127.99,30,3858.8985,655361,19.1985,1,1,30,NULL),(1802242,'2013-04-30 20:43:23','Y','2013-04-30 20:43:23',458752,458752,NULL,127.99,30,3858.8985,655361,19.1985,0,1,30,NULL),(1835009,'2013-04-30 21:38:11','Y','2013-05-17 02:04:19',458752,458752,NULL,120,40,4824,655360,24,1,1,40,40),(1867777,'2013-05-01 02:36:46','Y','2013-05-02 00:22:17',458752,458752,NULL,110,60,6633,655360,33,0,1,10,NULL),(1900545,'2013-05-01 02:40:33','Y','2013-05-01 03:20:12',458752,458752,NULL,98,50,4924.5,655360,24.5,0,1,50,NULL),(1900546,'2013-05-01 02:42:59','Y','2013-05-02 01:44:31',458752,458752,NULL,90,50,4522.5,655360,22.5,1,1,10,10),(1933313,'2013-05-01 02:50:57','Y','2013-05-01 03:20:12',458752,458752,NULL,80,50,4020,655360,20,1,1,50,NULL),(1966081,'2013-05-01 02:57:25','Y','2013-05-01 03:20:12',458752,458752,NULL,78,50,3919.5,655360,19.5,1,1,50,NULL),(1998849,'2013-05-01 03:05:45','Y','2013-05-01 03:30:36',458752,458752,NULL,88,50,4422,655360,22,1,1,50,NULL),(2031617,'2013-05-01 03:20:11','Y','2013-05-02 01:44:32',458752,458752,NULL,98,50,4924.5,655360,24.5,1,1,50,50),(2064385,'2013-05-01 03:28:18','Y',NULL,458752,NULL,NULL,70,50,3517.5,655360,17.5,0,0,50,NULL),(2064386,'2013-05-01 03:29:02','Y','2013-05-02 02:10:53',458752,458752,NULL,80,50,4020,655360,20,0,1,50,NULL),(2064387,'2013-05-01 03:30:35','Y','2013-05-01 03:30:36',458752,458752,NULL,90,50,4522.5,655360,22.5,0,1,50,NULL),(2359297,'2013-05-02 00:22:16','Y','2013-05-02 00:49:54',458752,458752,NULL,80,10,804,655360,4,1,1,10,NULL),(2424833,'2013-05-02 00:49:53','Y','2013-05-02 00:49:54',458752,458752,NULL,90,50,4522.5,655360,22.5,0,1,40,NULL),(2490369,'2013-05-02 01:29:48','Y','2013-05-02 02:10:53',458752,458752,NULL,82,100,8241,655360,41,0,1,100,NULL),(2490370,'2013-05-02 01:34:52','Y','2013-05-02 01:46:26',458752,458752,NULL,100,100,10050,655360,50,0,1,40,NULL),(2523137,'2013-05-02 01:44:31','Y',NULL,458752,NULL,NULL,60,100,6030,655360,30,0,0,100,NULL),(2523140,'2013-05-02 01:46:26','Y','2013-05-17 02:04:19',458752,458752,NULL,98,100,9849,655360,49,1,1,20,20),(2555905,'2013-05-02 02:10:53','Y','2013-05-02 02:13:24',458752,458752,NULL,75,200,15075,655360,75,1,1,50,NULL),(2555909,'2013-05-02 02:13:24','Y','2013-05-02 02:13:24',458752,458752,NULL,81,50,4070.25,655360,20.25,0,1,50,NULL),(3964931,'2013-05-17 01:49:51','Y','2013-05-17 02:04:18',458752,458752,NULL,127.99,100,12862.995,655360,63.995000000000005,0,1,40,NULL),(3997697,'2013-05-17 02:04:17','Y','2013-05-17 02:05:16',458752,458752,NULL,127.99,100,12862.995,655360,63.995000000000005,0,1,30,NULL),(3997701,'2013-05-17 02:05:15','Y','2013-05-17 02:06:58',458752,458752,NULL,76,100,7638,655360,38,1,4,50,20),(3997703,'2013-05-17 02:06:14','Y','2013-05-17 02:06:57',458752,458752,NULL,72,50,3618,655360,18,1,1,50,50),(3997704,'2013-05-17 02:06:57','Y','2013-05-17 02:06:58',458752,458752,NULL,79,70,5557.65,655360,27.650000000000002,0,1,20,NULL);
/*!40000 ALTER TABLE `tradeorder` ENABLE KEYS */;
UNLOCK TABLES;

--
-- Table structure for table `transaction_orders`
--

DROP TABLE IF EXISTS `transaction_orders`;
/*!40101 SET @saved_cs_client     = @@character_set_client */;
/*!40101 SET character_set_client = utf8 */;
CREATE TABLE `transaction_orders` (
  `transaction_id` bigint(20) NOT NULL,
  `tradeorder_id` bigint(20) NOT NULL,
  KEY `FKDDC33766A176D6B1` (`tradeorder_id`),
  KEY `FKDDC33766E54248E3` (`transaction_id`),
  CONSTRAINT `FKDDC33766A176D6B1` FOREIGN KEY (`tradeorder_id`) REFERENCES `tradeorder` (`id`),
  CONSTRAINT `FKDDC33766E54248E3` FOREIGN KEY (`transaction_id`) REFERENCES `ordertransaction` (`id`)
) ENGINE=InnoDB DEFAULT CHARSET=utf8;
/*!40101 SET character_set_client = @saved_cs_client */;

--
-- Dumping data for table `transaction_orders`
--

LOCK TABLES `transaction_orders` WRITE;
/*!40000 ALTER TABLE `transaction_orders` DISABLE KEYS */;
INSERT INTO `transaction_orders` VALUES (2031618,2359297),(2424834,1900546),(2424836,2490370),(2523138,2031617),(2523138,2523140),(2555907,2064386),(2555907,2555909),(3964932,2523140),(2523141,3964931),(2523141,3997697),(3997698,1835009),(3997698,819201),(3997698,3997701),(3997705,3997701),(3997702,3997704);
/*!40000 ALTER TABLE `transaction_orders` ENABLE KEYS */;
UNLOCK TABLES;

--
-- Table structure for table `transfermethod`
--

DROP TABLE IF EXISTS `transfermethod`;
/*!40101 SET @saved_cs_client     = @@character_set_client */;
/*!40101 SET character_set_client = utf8 */;
CREATE TABLE `transfermethod` (
  `id` bigint(20) NOT NULL,
  `created` datetime DEFAULT NULL,
  `isactive` varchar(1) DEFAULT NULL,
  `updated` datetime DEFAULT NULL,
  `createdby` bigint(20) DEFAULT NULL,
  `updatedby` bigint(20) DEFAULT NULL,
  `name` longtext,
  PRIMARY KEY (`id`),
  KEY `FKAE3B1543B9E7A778dd1ac8c` (`updatedby`),
  KEY `FKAE3B1543A37741648dd1ac8c` (`createdby`),
  CONSTRAINT `FKAE3B1543A37741648dd1ac8c` FOREIGN KEY (`createdby`) REFERENCES `users` (`id`),
  CONSTRAINT `FKAE3B1543B9E7A778dd1ac8c` FOREIGN KEY (`updatedby`) REFERENCES `users` (`id`)
) ENGINE=InnoDB DEFAULT CHARSET=utf8;
/*!40101 SET character_set_client = @saved_cs_client */;

--
-- Dumping data for table `transfermethod`
--

LOCK TABLES `transfermethod` WRITE;
/*!40000 ALTER TABLE `transfermethod` DISABLE KEYS */;
INSERT INTO `transfermethod` VALUES (1310721,'2013-04-30 05:16:52','Y',NULL,458752,NULL,'Wire Transfer (Canada)'),(1343489,'2013-04-30 05:19:36','Y',NULL,458752,NULL,'Wire Transfer (USA)');
/*!40000 ALTER TABLE `transfermethod` ENABLE KEYS */;
UNLOCK TABLES;

--
-- Table structure for table `userroles`
--

DROP TABLE IF EXISTS `userroles`;
/*!40101 SET @saved_cs_client     = @@character_set_client */;
/*!40101 SET character_set_client = utf8 */;
CREATE TABLE `userroles` (
  `id` bigint(20) NOT NULL,
  `created` datetime DEFAULT NULL,
  `isactive` varchar(1) DEFAULT NULL,
  `updated` datetime DEFAULT NULL,
  `createdby` bigint(20) DEFAULT NULL,
  `updatedby` bigint(20) DEFAULT NULL,
  `authority` varchar(255) DEFAULT NULL,
  `user_id` bigint(20) DEFAULT NULL,
  PRIMARY KEY (`id`),
  KEY `FKAE3B1543B9E7A77154649d2` (`updatedby`),
  KEY `FK154649D27707BE34` (`user_id`),
  KEY `FKAE3B1543A3774164154649d2` (`createdby`),
  CONSTRAINT `FK154649D27707BE34` FOREIGN KEY (`user_id`) REFERENCES `users` (`id`),
  CONSTRAINT `FKAE3B1543A3774164154649d2` FOREIGN KEY (`createdby`) REFERENCES `users` (`id`),
  CONSTRAINT `FKAE3B1543B9E7A77154649d2` FOREIGN KEY (`updatedby`) REFERENCES `users` (`id`)
) ENGINE=InnoDB DEFAULT CHARSET=utf8;
/*!40101 SET character_set_client = @saved_cs_client */;

--
-- Dumping data for table `userroles`
--

LOCK TABLES `userroles` WRITE;
/*!40000 ALTER TABLE `userroles` DISABLE KEYS */;
INSERT INTO `userroles` VALUES (458753,'2013-04-22 22:22:57','Y',NULL,NULL,NULL,'ROLE_USER',458752),(3145729,'2013-05-05 18:17:41','Y',NULL,NULL,NULL,'ROLE_USER',3145728);
/*!40000 ALTER TABLE `userroles` ENABLE KEYS */;
UNLOCK TABLES;

--
-- Table structure for table `users`
--

DROP TABLE IF EXISTS `users`;
/*!40101 SET @saved_cs_client     = @@character_set_client */;
/*!40101 SET character_set_client = utf8 */;
CREATE TABLE `users` (
  `id` bigint(20) NOT NULL,
  `created` datetime DEFAULT NULL,
  `isactive` varchar(1) DEFAULT NULL,
  `updated` datetime DEFAULT NULL,
  `createdby` bigint(20) DEFAULT NULL,
  `updatedby` bigint(20) DEFAULT NULL,
  `email` varchar(255) DEFAULT NULL,
  `first_name` varchar(255) DEFAULT NULL,
  `join_date` datetime DEFAULT NULL,
  `last_name` varchar(255) DEFAULT NULL,
  `password` varchar(255) DEFAULT NULL,
  `profile_image` varchar(255) DEFAULT NULL,
  `profile_image_small` varchar(255) DEFAULT NULL,
  `profilephotoid` bigint(20) DEFAULT NULL,
  `accountNumber` varchar(255) DEFAULT NULL,
  `accountSequence` bigint(20) DEFAULT NULL,
  PRIMARY KEY (`id`),
  KEY `FKAE3B1543B9E7A776a68e08` (`updatedby`),
  KEY `FKAE3B1543A37741646a68e08` (`createdby`),
  CONSTRAINT `FKAE3B1543A37741646a68e08` FOREIGN KEY (`createdby`) REFERENCES `users` (`id`),
  CONSTRAINT `FKAE3B1543B9E7A776a68e08` FOREIGN KEY (`updatedby`) REFERENCES `users` (`id`)
) ENGINE=InnoDB DEFAULT CHARSET=utf8;
/*!40101 SET character_set_client = @saved_cs_client */;

--
-- Dumping data for table `users`
--

LOCK TABLES `users` WRITE;
/*!40000 ALTER TABLE `users` DISABLE KEYS */;
INSERT INTO `users` VALUES (458752,'2013-04-22 22:22:56','Y','2013-05-26 16:06:55',NULL,458752,'jodonya@gmail.com','Japheth','2013-04-22 22:22:56','Odonya','test',NULL,NULL,NULL,'ABX00000001',1),(3145728,'2013-05-05 18:17:41','Y','2013-05-26 16:06:55',NULL,458752,'odonyas@yahoo.com','Eddie','2013-05-05 18:17:41','Odonya','test',NULL,NULL,NULL,'ABX00000002',2);
/*!40000 ALTER TABLE `users` ENABLE KEYS */;
UNLOCK TABLES;

--
-- Table structure for table `withdrawal`
--

DROP TABLE IF EXISTS `withdrawal`;
/*!40101 SET @saved_cs_client     = @@character_set_client */;
/*!40101 SET character_set_client = utf8 */;
CREATE TABLE `withdrawal` (
  `id` bigint(20) NOT NULL,
  `created` datetime DEFAULT NULL,
  `isactive` varchar(1) DEFAULT NULL,
  `updated` datetime DEFAULT NULL,
  `createdby` bigint(20) DEFAULT NULL,
  `updatedby` bigint(20) DEFAULT NULL,
  `amount` double DEFAULT NULL,
  `bitcoinaddress` varchar(255) DEFAULT NULL,
  `account_id` bigint(20) DEFAULT NULL,
  `symbol_id` bigint(20) DEFAULT NULL,
  PRIMARY KEY (`id`),
  KEY `FKAE3B1543B9E7A779ede7cb5` (`updatedby`),
  KEY `FK9EDE7CB566DD5391` (`symbol_id`),
  KEY `FK9EDE7CB556C7D8A3` (`account_id`),
  KEY `FKAE3B1543A37741649ede7cb5` (`createdby`),
  CONSTRAINT `FK9EDE7CB556C7D8A3` FOREIGN KEY (`account_id`) REFERENCES `account` (`id`),
  CONSTRAINT `FK9EDE7CB566DD5391` FOREIGN KEY (`symbol_id`) REFERENCES `symbol` (`id`),
  CONSTRAINT `FKAE3B1543A37741649ede7cb5` FOREIGN KEY (`createdby`) REFERENCES `users` (`id`),
  CONSTRAINT `FKAE3B1543B9E7A779ede7cb5` FOREIGN KEY (`updatedby`) REFERENCES `users` (`id`)
) ENGINE=InnoDB DEFAULT CHARSET=utf8;
/*!40101 SET character_set_client = @saved_cs_client */;

--
-- Dumping data for table `withdrawal`
--

LOCK TABLES `withdrawal` WRITE;
/*!40000 ALTER TABLE `withdrawal` DISABLE KEYS */;
INSERT INTO `withdrawal` VALUES (1441793,'2013-04-30 05:54:04','Y',NULL,458752,NULL,100,'BLLL0000D',NULL,655360),(4587522,'2013-05-26 16:33:05','Y',NULL,458752,NULL,200,'',NULL,655360);
/*!40000 ALTER TABLE `withdrawal` ENABLE KEYS */;
UNLOCK TABLES;
/*!40103 SET TIME_ZONE=@OLD_TIME_ZONE */;

/*!40101 SET SQL_MODE=@OLD_SQL_MODE */;
/*!40014 SET FOREIGN_KEY_CHECKS=@OLD_FOREIGN_KEY_CHECKS */;
/*!40014 SET UNIQUE_CHECKS=@OLD_UNIQUE_CHECKS */;
/*!40101 SET CHARACTER_SET_CLIENT=@OLD_CHARACTER_SET_CLIENT */;
/*!40101 SET CHARACTER_SET_RESULTS=@OLD_CHARACTER_SET_RESULTS */;
/*!40101 SET COLLATION_CONNECTION=@OLD_COLLATION_CONNECTION */;
/*!40111 SET SQL_NOTES=@OLD_SQL_NOTES */;

-- Dump completed on 2013-05-27 19:02:57
